,Note: The data supplied here are estimates produced from the research of Leo Krippner.,,,,,,,,,,,,,,,,,,,,,,,,,,,,,,,,,,,
,Please refer to my website LJKmfa.com for documentation.,,,,,,,,,,,,,,,,,,,,,,,,,,,,,,,,,,,
,,,,,,,,,,,,,,,,,,,,,,,,,,,,,,,,,,,,
,,,,,,,,,,,,,,,,,,,,,,,,,,,,,,,,,,,,
,,,,,,,,,,,,,,,,,,,,,,,,,,,,,,,,,,,,
,,,,,,,,,,,,,,,,,,,,,,,,,,,,,,,,,,,,
,,,,,,,,,,,,,,,,,,,,,,,,,,,,,,,,,,,,
,,,,,,,,,,,,,,,,,,,,,,,,,,,,,,,,,,,,
,,,,,,,,,,,,,,,,,,,,,,,,,,,,,,,,,,,,
,,,,,,,,,,,,,,,,,,,,,,,,,,,,,,,,,,,,
,Notes:,,,,,,,,,,,,,,,,,,,,,,,,,,,,,,,,,,,
,(1) The history of these estimates has changed from the May 2020 update. See the documention,,,,,,,,,,,,,,,,,,,,,,,,,,,,,,,,,,,
,     on the ljkmfa.com website for details.,,,,,,,,,,,,,,,,,,,,,,,,,,,,,,,,,,,
,"(2) The monthly averages are calculated from the daily series, which is in turn obtained from a full",,,,,,,,,,,,,,,,,,,,,,,,,,,,,,,,,,,
,     estimation of parameters and state variables using daily yield curve data. ,,,,,,,,,,,,,,,,,,,,,,,,,,,,,,,,,,,
,(3) The daily data underlying these estimates were updated on 31-Dec-2021 during the New Zealand day.,,,,,,,,,,,,,,,,,,,,,,,,,,,,,,,,,,,
,,,,,,,,,,,,,,,,,,,,,,,,,,,,,,,,,,,,
,,,,,,,,,,,,,,,,,,,,,,,,,,,,,,,,,,,,
,,Point estimates,,,,,,,,,,,,,,,,,,,,,,,,,,,,,,,,,,
,,US SSR,Euro-area SSR,Japan SSR,UK SSR,Switzerland SSR,Canada SSR,Australia SSR,New Zealand SSR,G4,,,,,,,,,,,,,,,,,,,,,,,,,,
1,Tue-31-Jan-1995,6.51,5.46,2.32,7.00,4.30,8.76,9.60,9.89,5.16,,,,,,,,,,,,,,,,,,,,,,,,,,
2,Tue-28-Feb-1995,6.22,5.33,2.22,7.08,4.13,8.25,9.04,9.72,4.98,,,,,,,,,,,,,,,,,,,,,,,,,,
3,Fri-31-Mar-1995,5.95,5.19,1.88,6.92,3.90,7.83,8.81,9.49,4.69,,,,,,,,,,,,,,,,,,,,,,,,,,
4,Sun-30-Apr-1995,5.89,4.64,1.30,6.75,3.47,7.88,8.37,8.99,4.27,,,,,,,,,,,,,,,,,,,,,,,,,,
5,Wed-31-May-1995,5.76,4.32,1.09,6.74,3.39,7.19,7.81,8.70,4.07,,,,,,,,,,,,,,,,,,,,,,,,,,
6,Fri-30-Jun-1995,5.46,4.17,0.75,6.60,3.16,6.64,7.42,8.86,3.82,,,,,,,,,,,,,,,,,,,,,,,,,,
7,Mon-31-Jul-1995,5.49,4.27,0.62,6.82,2.95,6.47,7.47,8.67,3.87,,,,,,,,,,,,,,,,,,,,,,,,,,
8,Thu-31-Aug-1995,5.60,4.10,0.65,6.66,2.80,6.92,7.61,8.64,3.91,,,,,,,,,,,,,,,,,,,,,,,,,,
9,Sat-30-Sep-1995,5.42,3.77,0.25,6.45,2.62,6.62,7.36,8.66,3.67,,,,,,,,,,,,,,,,,,,,,,,,,,
10,Tue-31-Oct-1995,5.43,3.60,-0.05,6.52,2.09,6.44,7.33,8.15,3.56,,,,,,,,,,,,,,,,,,,,,,,,,,
11,Thu-30-Nov-1995,5.33,3.39,-0.19,6.22,1.81,5.85,7.40,7.80,3.41,,,,,,,,,,,,,,,,,,,,,,,,,,
12,Sun-31-Dec-1995,5.18,3.21,-0.26,5.94,1.82,5.57,7.22,8.16,3.26,,,,,,,,,,,,,,,,,,,,,,,,,,
13,Wed-31-Jan-1996,4.99,2.93,0.22,5.89,1.54,5.06,7.24,8.36,3.24,,,,,,,,,,,,,,,,,,,,,,,,,,
14,Thu-29-Feb-1996,4.78,2.93,0.39,5.84,1.73,4.84,7.37,8.39,3.20,,,,,,,,,,,,,,,,,,,,,,,,,,
15,Sun-31-Mar-1996,5.17,2.92,0.34,5.90,1.62,5.37,7.78,8.94,3.33,,,,,,,,,,,,,,,,,,,,,,,,,,
16,Tue-30-Apr-1996,5.37,2.83,0.44,5.91,1.56,5.39,7.81,9.40,3.41,,,,,,,,,,,,,,,,,,,,,,,,,,
17,Fri-31-May-1996,5.44,2.81,0.50,5.88,1.80,5.36,7.69,9.87,3.44,,,,,,,,,,,,,,,,,,,,,,,,,,
18,Sun-30-Jun-1996,5.62,2.99,0.44,5.73,2.37,5.07,7.72,10.03,3.57,,,,,,,,,,,,,,,,,,,,,,,,,,
19,Wed-31-Jul-1996,5.62,3.07,0.59,5.51,2.44,4.85,7.59,10.05,3.62,,,,,,,,,,,,,,,,,,,,,,,,,,
20,Sat-31-Aug-1996,5.44,2.92,0.43,5.45,2.24,4.31,6.84,9.40,3.45,,,,,,,,,,,,,,,,,,,,,,,,,,
21,Mon-30-Sep-1996,5.62,2.73,0.20,5.46,1.88,4.35,6.76,9.44,3.42,,,,,,,,,,,,,,,,,,,,,,,,,,
22,Thu-31-Oct-1996,5.35,2.58,0.11,5.52,1.45,3.30,6.51,8.95,3.28,,,,,,,,,,,,,,,,,,,,,,,,,,
23,Sat-30-Nov-1996,5.21,2.67,0.03,6.03,1.70,2.77,6.26,8.31,3.28,,,,,,,,,,,,,,,,,,,,,,,,,,
24,Tue-31-Dec-1996,5.29,2.67,-0.11,6.24,1.74,2.98,6.11,8.09,3.32,,,,,,,,,,,,,,,,,,,,,,,,,,
25,Fri-31-Jan-1997,5.47,2.58,-0.07,6.23,1.50,3.09,5.82,7.62,3.39,,,,,,,,,,,,,,,,,,,,,,,,,,
26,Fri-28-Feb-1997,5.32,2.56,-0.14,5.97,1.36,2.76,5.71,7.60,3.33,,,,,,,,,,,,,,,,,,,,,,,,,,
27,Mon-31-Mar-1997,5.63,2.83,-0.07,6.14,1.45,3.17,6.10,8.17,3.58,,,,,,,,,,,,,,,,,,,,,,,,,,
28,Wed-30-Apr-1997,5.84,2.79,0.13,6.37,1.54,3.57,5.98,7.90,3.73,,,,,,,,,,,,,,,,,,,,,,,,,,
29,Sat-31-May-1997,5.67,2.72,0.39,6.31,1.37,3.38,5.76,6.94,3.66,,,,,,,,,,,,,,,,,,,,,,,,,,
30,Mon-30-Jun-1997,5.51,2.67,0.35,6.60,1.10,3.11,5.11,6.38,3.57,,,,,,,,,,,,,,,,,,,,,,,,,,
31,Thu-31-Jul-1997,5.42,2.73,0.27,6.96,1.19,3.41,4.95,6.38,3.58,,,,,,,,,,,,,,,,,,,,,,,,,,
32,Sun-31-Aug-1997,5.53,3.07,0.15,7.12,1.32,3.49,4.87,7.30,3.74,,,,,,,,,,,,,,,,,,,,,,,,,,
33,Tue-30-Sep-1997,5.47,3.15,0.07,7.03,1.40,3.34,4.57,7.63,3.73,,,,,,,,,,,,,,,,,,,,,,,,,,
34,Fri-31-Oct-1997,5.41,3.53,0.01,7.06,1.67,3.43,4.69,7.39,3.81,,,,,,,,,,,,,,,,,,,,,,,,,,
35,Sun-30-Nov-1997,5.42,3.68,-0.02,7.32,1.88,3.79,4.81,7.46,3.91,,,,,,,,,,,,,,,,,,,,,,,,,,
36,Wed-31-Dec-1997,5.51,3.63,-0.06,7.28,1.56,4.49,5.03,7.95,3.96,,,,,,,,,,,,,,,,,,,,,,,,,,
37,Sat-31-Jan-1998,5.27,3.45,0.13,7.11,1.26,4.45,4.87,8.31,3.83,,,,,,,,,,,,,,,,,,,,,,,,,,
38,Sat-28-Feb-1998,5.26,3.36,0.32,7.07,0.94,4.69,4.89,8.45,3.82,,,,,,,,,,,,,,,,,,,,,,,,,,
39,Tue-31-Mar-1998,5.38,3.40,0.30,7.14,0.96,4.80,4.82,8.56,3.91,,,,,,,,,,,,,,,,,,,,,,,,,,
40,Thu-30-Apr-1998,5.37,3.58,0.35,7.08,1.32,4.71,4.70,8.81,3.98,,,,,,,,,,,,,,,,,,,,,,,,,,
41,Sun-31-May-1998,5.40,3.61,0.11,7.09,1.39,4.75,4.77,8.49,3.98,,,,,,,,,,,,,,,,,,,,,,,,,,
42,Tue-30-Jun-1998,5.37,3.51,0.02,7.39,1.55,4.80,5.02,8.48,3.97,,,,,,,,,,,,,,,,,,,,,,,,,,
43,Fri-31-Jul-1998,5.38,3.46,0.23,7.68,1.80,4.96,5.00,7.83,4.03,,,,,,,,,,,,,,,,,,,,,,,,,,
44,Mon-31-Aug-1998,5.24,3.32,0.09,7.42,1.56,5.14,5.06,7.16,3.90,,,,,,,,,,,,,,,,,,,,,,,,,,
45,Wed-30-Sep-1998,4.78,3.14,-0.32,6.96,1.26,5.27,4.83,6.12,3.49,,,,,,,,,,,,,,,,,,,,,,,,,,
46,Sat-31-Oct-1998,4.17,3.14,-0.18,6.52,0.96,4.64,4.42,5.10,3.16,,,,,,,,,,,,,,,,,,,,,,,,,,
47,Mon-30-Nov-1998,4.47,3.12,-0.20,6.26,1.06,4.75,4.54,4.78,3.26,,,,,,,,,,,,,,,,,,,,,,,,,,
48,Thu-31-Dec-1998,4.42,2.89,0.12,5.86,1.11,4.69,4.40,4.35,3.18,,,,,,,,,,,,,,,,,,,,,,,,,,
49,Sun-31-Jan-1999,4.44,2.63,0.05,5.52,1.01,4.73,4.65,4.63,3.06,,,,,,,,,,,,,,,,,,,,,,,,,,
50,Sun-28-Feb-1999,4.65,2.64,-0.29,5.22,0.92,4.93,4.71,4.36,3.08,,,,,,,,,,,,,,,,,,,,,,,,,,
51,Wed-31-Mar-1999,4.78,2.63,-0.89,5.15,0.94,5.08,4.75,4.44,3.03,,,,,,,,,,,,,,,,,,,,,,,,,,
52,Fri-30-Apr-1999,4.61,2.28,-0.94,5.06,0.76,4.66,4.55,4.25,2.84,,,,,,,,,,,,,,,,,,,,,,,,,,
53,Mon-31-May-1999,4.84,2.19,-1.17,5.28,0.74,4.83,4.83,4.25,2.90,,,,,,,,,,,,,,,,,,,,,,,,,,
54,Wed-30-Jun-1999,5.16,2.35,-1.00,5.32,0.95,5.27,4.87,4.40,3.12,,,,,,,,,,,,,,,,,,,,,,,,,,
55,Sat-31-Jul-1999,5.07,2.53,-0.76,5.20,1.25,5.13,4.75,4.48,3.17,,,,,,,,,,,,,,,,,,,,,,,,,,
56,Tue-31-Aug-1999,5.23,2.68,-0.50,5.52,1.32,5.19,4.80,4.73,3.32,,,,,,,,,,,,,,,,,,,,,,,,,,
57,Thu-30-Sep-1999,5.22,2.74,-0.75,5.79,1.44,5.05,4.81,5.12,3.27,,,,,,,,,,,,,,,,,,,,,,,,,,
58,Sun-31-Oct-1999,5.37,3.11,-0.85,6.10,2.12,5.27,5.07,5.14,3.44,,,,,,,,,,,,,,,,,,,,,,,,,,
59,Tue-30-Nov-1999,5.44,3.12,-0.76,6.04,2.04,5.26,5.21,5.30,3.48,,,,,,,,,,,,,,,,,,,,,,,,,,
60,Fri-31-Dec-1999,5.75,3.31,-0.61,6.41,1.97,5.35,5.42,5.60,3.71,,,,,,,,,,,,,,,,,,,,,,,,,,
61,Mon-31-Jan-2000,6.02,3.48,-0.45,6.72,1.98,5.59,5.89,5.87,3.95,,,,,,,,,,,,,,,,,,,,,,,,,,
62,Tue-29-Feb-2000,6.28,3.63,-0.25,6.74,2.40,5.66,6.05,6.26,4.19,,,,,,,,,,,,,,,,,,,,,,,,,,
63,Fri-31-Mar-2000,6.37,3.78,-0.10,6.69,2.75,5.68,5.92,6.38,4.28,,,,,,,,,,,,,,,,,,,,,,,,,,
64,Sun-30-Apr-2000,6.37,3.91,-0.07,6.68,3.05,5.78,6.00,6.48,4.32,,,,,,,,,,,,,,,,,,,,,,,,,,
65,Wed-31-May-2000,6.78,4.39,-0.16,6.66,3.38,6.20,6.24,6.82,4.64,,,,,,,,,,,,,,,,,,,,,,,,,,
66,Fri-30-Jun-2000,6.50,4.53,-0.12,6.52,3.47,6.06,5.93,6.93,4.53,,,,,,,,,,,,,,,,,,,,,,,,,,
67,Mon-31-Jul-2000,6.44,4.70,-0.01,6.42,3.52,5.98,5.93,6.84,4.59,,,,,,,,,,,,,,,,,,,,,,,,,,
68,Thu-31-Aug-2000,6.44,4.91,0.05,6.45,3.60,5.93,6.34,6.85,4.66,,,,,,,,,,,,,,,,,,,,,,,,,,
69,Sat-30-Sep-2000,6.37,4.95,0.14,6.35,3.50,5.85,6.43,6.82,4.64,,,,,,,,,,,,,,,,,,,,,,,,,,
70,Tue-31-Oct-2000,6.25,4.89,0.03,6.17,3.43,5.80,6.24,6.74,4.55,,,,,,,,,,,,,,,,,,,,,,,,,,
71,Thu-30-Nov-2000,6.27,4.89,-0.18,6.02,3.42,5.88,6.09,6.62,4.50,,,,,,,,,,,,,,,,,,,,,,,,,,
72,Sun-31-Dec-2000,5.75,4.59,0.00,5.71,3.25,5.56,5.71,6.44,4.24,,,,,,,,,,,,,,,,,,,,,,,,,,
73,Wed-31-Jan-2001,5.08,4.35,-0.15,5.61,3.07,5.15,5.36,6.14,3.87,,,,,,,,,,,,,,,,,,,,,,,,,,
74,Wed-28-Feb-2001,4.75,4.35,-0.39,5.56,3.12,4.88,5.14,5.98,3.66,,,,,,,,,,,,,,,,,,,,,,,,,,
75,Sat-31-Mar-2001,4.31,4.25,-0.79,5.32,3.02,4.50,4.74,5.79,3.38,,,,,,,,,,,,,,,,,,,,,,,,,,
76,Mon-30-Apr-2001,3.94,4.23,-0.81,5.20,2.95,4.42,4.73,5.74,3.21,,,,,,,,,,,,,,,,,,,,,,,,,,
77,Thu-31-May-2001,3.71,4.28,-1.37,5.16,2.93,4.38,4.73,5.70,3.00,,,,,,,,,,,,,,,,,,,,,,,,,,
78,Sat-30-Jun-2001,3.47,4.05,-1.65,5.20,2.91,4.28,4.79,5.71,2.77,,,,,,,,,,,,,,,,,,,,,,,,,,
79,Tue-31-Jul-2001,3.41,4.02,-1.64,5.23,2.95,4.34,4.98,5.65,2.76,,,,,,,,,,,,,,,,,,,,,,,,,,
80,Fri-31-Aug-2001,3.13,3.89,-1.83,4.94,2.82,4.07,4.79,5.56,2.54,,,,,,,,,,,,,,,,,,,,,,,,,,
81,Sun-30-Sep-2001,2.57,3.56,-1.82,4.68,2.55,3.33,4.34,5.32,2.17,,,,,,,,,,,,,,,,,,,,,,,,,,
82,Wed-31-Oct-2001,1.82,3.03,-1.87,4.29,1.98,2.57,3.97,4.65,1.66,,,,,,,,,,,,,,,,,,,,,,,,,,
83,Fri-30-Nov-2001,1.67,2.93,-1.91,3.91,1.86,2.09,3.98,4.39,1.53,,,,,,,,,,,,,,,,,,,,,,,,,,
84,Mon-31-Dec-2001,1.76,3.11,-1.77,4.15,1.94,2.14,4.18,4.48,1.69,,,,,,,,,,,,,,,,,,,,,,,,,,
85,Thu-31-Jan-2002,1.58,3.18,-1.65,4.24,1.85,1.98,4.16,4.51,1.67,,,,,,,,,,,,,,,,,,,,,,,,,,
86,Thu-28-Feb-2002,1.63,3.32,-1.48,4.26,1.87,2.18,4.40,4.70,1.76,,,,,,,,,,,,,,,,,,,,,,,,,,
87,Sun-31-Mar-2002,1.99,3.51,-1.58,4.42,1.96,2.61,4.70,5.09,1.97,,,,,,,,,,,,,,,,,,,,,,,,,,
88,Tue-30-Apr-2002,1.91,3.52,-1.67,4.39,1.80,2.80,4.83,5.61,1.93,,,,,,,,,,,,,,,,,,,,,,,,,,
89,Fri-31-May-2002,1.77,3.57,-1.69,4.36,1.48,2.85,4.93,5.67,1.87,,,,,,,,,,,,,,,,,,,,,,,,,,
90,Sun-30-Jun-2002,1.55,3.51,-1.69,4.30,1.41,2.89,5.08,5.74,1.76,,,,,,,,,,,,,,,,,,,,,,,,,,
91,Wed-31-Jul-2002,1.25,3.34,-1.72,4.14,1.14,2.78,4.88,5.66,1.56,,,,,,,,,,,,,,,,,,,,,,,,,,
92,Sat-31-Aug-2002,0.95,3.12,-1.77,3.83,0.80,2.56,4.71,5.53,1.33,,,,,,,,,,,,,,,,,,,,,,,,,,
93,Mon-30-Sep-2002,0.95,2.94,-1.94,3.73,0.58,2.64,4.72,5.46,1.25,,,,,,,,,,,,,,,,,,,,,,,,,,
94,Thu-31-Oct-2002,0.94,2.85,-1.89,3.74,0.58,2.69,4.80,5.53,1.25,,,,,,,,,,,,,,,,,,,,,,,,,,
95,Sat-30-Nov-2002,0.72,2.69,-1.98,3.75,0.48,2.48,4.58,5.53,1.09,,,,,,,,,,,,,,,,,,,,,,,,,,
96,Tue-31-Dec-2002,0.65,2.49,-1.78,3.78,0.39,2.48,4.52,5.58,1.05,,,,,,,,,,,,,,,,,,,,,,,,,,
97,Fri-31-Jan-2003,0.56,2.31,-1.73,3.65,0.26,2.50,4.52,5.56,0.96,,,,,,,,,,,,,,,,,,,,,,,,,,
98,Fri-28-Feb-2003,0.52,2.10,-1.50,3.39,0.19,2.72,4.44,5.36,0.90,,,,,,,,,,,,,,,,,,,,,,,,,,
99,Mon-31-Mar-2003,0.47,2.03,-1.50,3.30,0.04,2.94,4.47,5.37,0.84,,,,,,,,,,,,,,,,,,,,,,,,,,
100,Wed-30-Apr-2003,0.51,2.06,-1.31,3.33,0.09,3.07,4.50,5.38,0.91,,,,,,,,,,,,,,,,,,,,,,,,,,
101,Sat-31-May-2003,0.32,1.82,-1.20,3.16,-0.19,2.89,4.39,4.93,0.78,,,,,,,,,,,,,,,,,,,,,,,,,,
102,Mon-30-Jun-2003,0.19,1.59,-1.26,3.13,-0.30,2.59,4.17,4.69,0.65,,,,,,,,,,,,,,,,,,,,,,,,,,
103,Thu-31-Jul-2003,0.37,1.68,-0.77,3.17,-0.02,2.59,4.45,4.79,0.83,,,,,,,,,,,,,,,,,,,,,,,,,,
104,Sun-31-Aug-2003,0.52,1.89,-0.92,3.40,0.15,2.45,4.71,4.92,0.95,,,,,,,,,,,,,,,,,,,,,,,,,,
105,Tue-30-Sep-2003,0.39,1.88,-0.57,3.60,0.15,2.35,4.89,4.97,0.96,,,,,,,,,,,,,,,,,,,,,,,,,,
106,Fri-31-Oct-2003,0.40,1.89,-0.80,3.82,0.06,2.32,5.06,5.05,0.95,,,,,,,,,,,,,,,,,,,,,,,,,,
107,Sun-30-Nov-2003,0.53,2.01,-0.91,4.10,0.20,2.43,5.48,5.30,1.05,,,,,,,,,,,,,,,,,,,,,,,,,,
108,Wed-31-Dec-2003,0.54,1.95,-0.95,3.98,0.21,2.35,5.45,5.21,1.03,,,,,,,,,,,,,,,,,,,,,,,,,,
109,Sat-31-Jan-2004,0.43,1.81,-1.00,3.97,0.19,2.11,5.36,5.16,0.95,,,,,,,,,,,,,,,,,,,,,,,,,,
110,Sun-29-Feb-2004,0.45,1.74,-1.22,4.08,0.06,1.81,5.35,5.29,0.91,,,,,,,,,,,,,,,,,,,,,,,,,,
111,Wed-31-Mar-2004,0.35,1.60,-1.18,4.11,0.00,1.62,5.18,5.25,0.82,,,,,,,,,,,,,,,,,,,,,,,,,,
112,Fri-30-Apr-2004,0.71,1.72,-1.03,4.37,0.23,1.77,5.33,5.34,1.05,,,,,,,,,,,,,,,,,,,,,,,,,,
113,Mon-31-May-2004,1.04,1.87,-1.13,4.57,0.41,1.90,5.36,5.61,1.25,,,,,,,,,,,,,,,,,,,,,,,,,,
114,Wed-30-Jun-2004,1.27,1.97,-0.81,4.82,0.62,2.16,5.17,5.75,1.45,,,,,,,,,,,,,,,,,,,,,,,,,,
115,Sat-31-Jul-2004,1.26,1.92,-0.95,4.82,0.66,2.10,5.22,5.91,1.41,,,,,,,,,,,,,,,,,,,,,,,,,,
116,Tue-31-Aug-2004,1.26,1.87,-1.11,4.87,0.54,2.07,5.20,6.16,1.37,,,,,,,,,,,,,,,,,,,,,,,,,,
117,Thu-30-Sep-2004,1.32,1.93,-1.20,4.85,0.61,2.27,5.12,6.33,1.40,,,,,,,,,,,,,,,,,,,,,,,,,,
118,Sun-31-Oct-2004,1.49,1.88,-1.22,4.76,0.59,2.39,5.09,6.36,1.45,,,,,,,,,,,,,,,,,,,,,,,,,,
119,Tue-30-Nov-2004,1.83,1.87,-1.29,4.71,0.63,2.50,5.09,6.34,1.56,,,,,,,,,,,,,,,,,,,,,,,,,,
120,Fri-31-Dec-2004,2.06,1.84,-1.41,4.61,0.64,2.27,5.00,6.36,1.63,,,,,,,,,,,,,,,,,,,,,,,,,,
121,Mon-31-Jan-2005,2.28,1.90,-1.40,4.60,0.64,2.29,5.15,6.47,1.73,,,,,,,,,,,,,,,,,,,,,,,,,,
122,Mon-28-Feb-2005,2.56,1.97,-1.35,4.76,0.66,2.28,5.45,6.49,1.91,,,,,,,,,,,,,,,,,,,,,,,,,,
123,Thu-31-Mar-2005,2.97,2.00,-1.22,4.90,0.72,2.45,5.69,6.57,2.12,,,,,,,,,,,,,,,,,,,,,,,,,,
124,Sat-30-Apr-2005,2.95,1.89,-1.45,4.78,0.61,2.40,5.45,6.50,2.04,,,,,,,,,,,,,,,,,,,,,,,,,,
125,Tue-31-May-2005,2.95,1.81,-1.63,4.67,0.57,2.37,5.25,6.41,1.97,,,,,,,,,,,,,,,,,,,,,,,,,,
126,Thu-30-Jun-2005,3.05,1.75,-1.73,4.61,0.56,2.28,5.26,6.30,1.98,,,,,,,,,,,,,,,,,,,,,,,,,,
127,Sun-31-Jul-2005,3.39,1.81,-1.73,4.45,0.60,2.47,5.27,6.33,2.15,,,,,,,,,,,,,,,,,,,,,,,,,,
128,Wed-31-Aug-2005,3.67,1.88,-1.35,4.33,0.70,2.63,5.21,6.30,2.34,,,,,,,,,,,,,,,,,,,,,,,,,,
129,Fri-30-Sep-2005,3.60,1.86,-1.30,4.22,0.68,2.69,5.18,6.27,2.31,,,,,,,,,,,,,,,,,,,,,,,,,,
130,Mon-31-Oct-2005,3.94,2.08,-0.76,4.35,0.89,3.04,5.44,6.49,2.64,,,,,,,,,,,,,,,,,,,,,,,,,,
131,Wed-30-Nov-2005,4.16,2.32,-0.55,4.44,1.19,3.32,5.41,6.81,2.88,,,,,,,,,,,,,,,,,,,,,,,,,,
132,Sat-31-Dec-2005,4.18,2.41,-0.55,4.37,1.23,3.52,5.41,6.92,2.91,,,,,,,,,,,,,,,,,,,,,,,,,,
133,Tue-31-Jan-2006,4.32,2.51,-0.51,4.30,1.22,3.61,5.38,6.62,3.00,,,,,,,,,,,,,,,,,,,,,,,,,,
134,Tue-28-Feb-2006,4.65,2.61,-0.25,4.47,1.27,3.80,5.41,6.35,3.24,,,,,,,,,,,,,,,,,,,,,,,,,,
135,Fri-31-Mar-2006,4.81,2.79,0.02,4.60,1.44,3.86,5.44,6.72,3.42,,,,,,,,,,,,,,,,,,,,,,,,,,
136,Sun-30-Apr-2006,4.94,2.90,0.13,4.66,1.50,4.06,5.65,6.79,3.53,,,,,,,,,,,,,,,,,,,,,,,,,,
137,Wed-31-May-2006,4.99,2.92,0.19,4.82,1.63,4.08,5.80,6.81,3.56,,,,,,,,,,,,,,,,,,,,,,,,,,
138,Fri-30-Jun-2006,5.16,2.99,0.29,4.86,1.67,4.24,5.82,6.87,3.69,,,,,,,,,,,,,,,,,,,,,,,,,,
139,Mon-31-Jul-2006,5.30,3.14,0.33,4.85,1.76,4.27,6.03,7.05,3.81,,,,,,,,,,,,,,,,,,,,,,,,,,
140,Thu-31-Aug-2006,5.16,3.21,0.28,5.02,1.77,4.10,6.11,7.16,3.78,,,,,,,,,,,,,,,,,,,,,,,,,,
141,Sat-30-Sep-2006,5.08,3.31,0.15,5.12,1.85,4.03,6.10,7.30,3.78,,,,,,,,,,,,,,,,,,,,,,,,,,
142,Tue-31-Oct-2006,5.11,3.45,0.22,5.25,1.95,4.09,6.21,7.37,3.87,,,,,,,,,,,,,,,,,,,,,,,,,,
143,Thu-30-Nov-2006,5.07,3.53,0.30,5.28,1.98,4.04,6.27,7.05,3.89,,,,,,,,,,,,,,,,,,,,,,,,,,
144,Sun-31-Dec-2006,5.06,3.65,0.36,5.39,2.16,4.02,6.30,7.05,3.94,,,,,,,,,,,,,,,,,,,,,,,,,,
145,Wed-31-Jan-2007,5.20,3.79,0.38,5.65,2.32,4.13,6.36,7.12,4.10,,,,,,,,,,,,,,,,,,,,,,,,,,
146,Wed-28-Feb-2007,5.18,3.82,0.35,5.76,2.35,4.13,6.25,7.25,4.10,,,,,,,,,,,,,,,,,,,,,,,,,,
147,Sat-31-Mar-2007,5.02,3.83,0.41,5.65,2.32,4.06,6.29,7.50,4.02,,,,,,,,,,,,,,,,,,,,,,,,,,
148,Mon-30-Apr-2007,5.07,3.98,0.42,5.78,2.40,4.16,6.46,7.82,4.13,,,,,,,,,,,,,,,,,,,,,,,,,,
149,Thu-31-May-2007,5.12,4.09,0.47,5.89,2.53,4.27,6.36,7.93,4.21,,,,,,,,,,,,,,,,,,,,,,,,,,
150,Sat-30-Jun-2007,5.28,4.25,0.62,6.06,2.72,4.60,6.56,8.06,4.38,,,,,,,,,,,,,,,,,,,,,,,,,,
151,Tue-31-Jul-2007,5.14,4.22,0.61,6.05,2.83,4.62,6.50,8.11,4.31,,,,,,,,,,,,,,,,,,,,,,,,,,
152,Fri-31-Aug-2007,4.72,4.05,0.50,5.91,2.68,4.41,6.48,8.10,4.03,,,,,,,,,,,,,,,,,,,,,,,,,,
153,Sun-30-Sep-2007,4.33,3.91,0.43,5.74,2.66,4.15,6.53,7.36,3.79,,,,,,,,,,,,,,,,,,,,,,,,,,
154,Wed-31-Oct-2007,4.21,3.89,0.41,5.66,2.65,4.13,6.71,7.34,3.73,,,,,,,,,,,,,,,,,,,,,,,,,,
155,Fri-30-Nov-2007,3.80,3.80,0.33,5.28,2.55,3.90,6.82,7.58,3.48,,,,,,,,,,,,,,,,,,,,,,,,,,
156,Mon-31-Dec-2007,3.52,3.83,0.32,5.03,2.55,3.77,6.89,7.83,3.35,,,,,,,,,,,,,,,,,,,,,,,,,,
157,Thu-31-Jan-2008,2.82,3.63,0.21,4.47,2.40,3.44,6.79,7.73,2.92,,,,,,,,,,,,,,,,,,,,,,,,,,
158,Fri-29-Feb-2008,1.99,3.39,0.19,4.33,2.34,3.04,7.05,7.83,2.48,,,,,,,,,,,,,,,,,,,,,,,,,,
159,Mon-31-Mar-2008,1.42,3.36,0.08,3.96,2.37,2.29,6.62,7.67,2.20,,,,,,,,,,,,,,,,,,,,,,,,,,
160,Wed-30-Apr-2008,1.52,3.61,0.20,4.19,2.57,2.27,6.49,7.46,2.38,,,,,,,,,,,,,,,,,,,,,,,,,,
161,Sat-31-May-2008,1.74,3.81,0.41,4.67,2.62,2.40,6.71,7.30,2.61,,,,,,,,,,,,,,,,,,,,,,,,,,
162,Mon-30-Jun-2008,2.05,4.32,0.45,5.36,2.85,2.68,7.18,7.27,3.01,,,,,,,,,,,,,,,,,,,,,,,,,,
163,Thu-31-Jul-2008,1.91,4.34,0.37,5.18,2.78,2.66,6.89,6.91,2.95,,,,,,,,,,,,,,,,,,,,,,,,,,
164,Sun-31-Aug-2008,1.78,4.11,0.31,4.96,2.55,2.39,6.07,6.94,2.75,,,,,,,,,,,,,,,,,,,,,,,,,,
165,Tue-30-Sep-2008,1.55,3.98,0.36,4.59,2.45,2.22,5.71,6.53,2.55,,,,,,,,,,,,,,,,,,,,,,,,,,
166,Fri-31-Oct-2008,1.09,2.89,0.39,3.55,2.35,1.63,4.32,5.77,1.82,,,,,,,,,,,,,,,,,,,,,,,,,,
167,Sun-30-Nov-2008,0.38,2.09,0.13,2.11,1.84,1.39,3.27,5.34,1.06,,,,,,,,,,,,,,,,,,,,,,,,,,
168,Wed-31-Dec-2008,-0.05,1.68,-0.01,0.88,0.89,0.69,2.67,4.43,0.64,,,,,,,,,,,,,,,,,,,,,,,,,,
169,Sat-31-Jan-2009,0.01,1.25,-0.33,0.58,0.55,0.37,2.66,3.65,0.44,,,,,,,,,,,,,,,,,,,,,,,,,,
170,Sat-28-Feb-2009,0.08,0.83,-0.30,0.26,0.34,0.41,2.51,3.01,0.29,,,,,,,,,,,,,,,,,,,,,,,,,,
171,Tue-31-Mar-2009,-0.08,0.58,-0.31,0.04,0.36,0.02,2.51,2.92,0.13,,,,,,,,,,,,,,,,,,,,,,,,,,
172,Thu-30-Apr-2009,-0.16,0.60,-0.23,0.19,0.30,-0.07,2.64,2.96,0.12,,,,,,,,,,,,,,,,,,,,,,,,,,
173,Sun-31-May-2009,-0.10,0.53,-0.37,0.17,0.29,-0.10,2.92,2.65,0.11,,,,,,,,,,,,,,,,,,,,,,,,,,
174,Tue-30-Jun-2009,0.05,0.65,-0.50,0.35,0.25,0.15,3.33,2.46,0.21,,,,,,,,,,,,,,,,,,,,,,,,,,
175,Fri-31-Jul-2009,-0.16,0.41,-0.83,0.32,0.14,0.13,3.28,2.31,-0.01,,,,,,,,,,,,,,,,,,,,,,,,,,
176,Mon-31-Aug-2009,-0.08,0.43,-0.95,0.33,0.05,0.12,3.66,2.56,0.01,,,,,,,,,,,,,,,,,,,,,,,,,,
177,Wed-30-Sep-2009,-0.22,0.34,-1.20,0.18,0.12,0.08,3.62,2.67,-0.13,,,,,,,,,,,,,,,,,,,,,,,,,,
178,Sat-31-Oct-2009,-0.16,0.39,-1.16,0.21,0.14,0.20,4.08,3.08,-0.08,,,,,,,,,,,,,,,,,,,,,,,,,,
179,Mon-30-Nov-2009,-0.36,0.38,-1.09,0.22,0.12,0.09,4.13,3.18,-0.15,,,,,,,,,,,,,,,,,,,,,,,,,,
180,Thu-31-Dec-2009,-0.30,0.36,-1.43,0.20,0.05,0.08,4.03,3.08,-0.19,,,,,,,,,,,,,,,,,,,,,,,,,,
181,Sun-31-Jan-2010,-0.34,0.34,-1.58,0.23,0.12,0.12,4.12,3.11,-0.24,,,,,,,,,,,,,,,,,,,,,,,,,,
182,Sun-28-Feb-2010,-0.59,0.23,-1.64,0.05,0.04,0.03,4.01,2.77,-0.42,,,,,,,,,,,,,,,,,,,,,,,,,,
183,Wed-31-Mar-2010,-0.64,0.20,-1.71,-0.02,0.03,0.22,4.42,2.68,-0.47,,,,,,,,,,,,,,,,,,,,,,,,,,
184,Fri-30-Apr-2010,-0.47,0.23,-1.65,0.00,0.09,0.55,4.64,2.76,-0.37,,,,,,,,,,,,,,,,,,,,,,,,,,
185,Mon-31-May-2010,-0.81,0.06,-1.78,-0.18,-0.20,0.56,4.38,2.89,-0.62,,,,,,,,,,,,,,,,,,,,,,,,,,
186,Wed-30-Jun-2010,-0.95,0.10,-1.89,-0.41,-0.28,0.63,4.33,2.89,-0.71,,,,,,,,,,,,,,,,,,,,,,,,,,
187,Sat-31-Jul-2010,-1.27,0.30,-2.09,-0.47,-0.16,0.59,4.38,2.99,-0.81,,,,,,,,,,,,,,,,,,,,,,,,,,
188,Tue-31-Aug-2010,-1.67,0.22,-2.18,-0.69,-0.17,0.51,4.33,2.91,-1.04,,,,,,,,,,,,,,,,,,,,,,,,,,
189,Thu-30-Sep-2010,-1.68,0.33,-2.04,-0.92,0.04,0.63,4.43,3.03,-1.00,,,,,,,,,,,,,,,,,,,,,,,,,,
190,Sun-31-Oct-2010,-2.08,0.55,-2.43,-1.08,0.12,0.65,4.67,2.90,-1.13,,,,,,,,,,,,,,,,,,,,,,,,,,
191,Tue-30-Nov-2010,-2.31,0.65,-2.22,-0.99,0.15,0.80,4.81,3.17,-1.16,,,,,,,,,,,,,,,,,,,,,,,,,,
192,Fri-31-Dec-2010,-1.77,0.56,-1.64,-0.56,0.17,0.91,4.83,2.99,-0.85,,,,,,,,,,,,,,,,,,,,,,,,,,
193,Mon-31-Jan-2011,-1.51,0.58,-1.46,-0.07,0.18,0.96,4.86,2.77,-0.67,,,,,,,,,,,,,,,,,,,,,,,,,,
194,Mon-28-Feb-2011,-1.22,0.86,-1.22,0.29,0.19,0.97,4.89,2.80,-0.38,,,,,,,,,,,,,,,,,,,,,,,,,,
195,Thu-31-Mar-2011,-1.33,1.02,-1.36,0.21,0.20,0.89,4.74,2.33,-0.38,,,,,,,,,,,,,,,,,,,,,,,,,,
196,Sat-30-Apr-2011,-1.12,1.21,-1.51,0.22,0.30,0.95,4.83,2.31,-0.23,,,,,,,,,,,,,,,,,,,,,,,,,,
197,Tue-31-May-2011,-1.49,1.18,-1.83,-0.07,0.18,0.85,4.84,2.23,-0.47,,,,,,,,,,,,,,,,,,,,,,,,,,
198,Thu-30-Jun-2011,-1.97,1.12,-1.89,-0.41,0.01,0.73,4.69,2.36,-0.72,,,,,,,,,,,,,,,,,,,,,,,,,,
199,Sun-31-Jul-2011,-2.14,1.07,-1.97,-0.84,-0.20,0.74,4.44,2.43,-0.86,,,,,,,,,,,,,,,,,,,,,,,,,,
200,Wed-31-Aug-2011,-3.18,0.55,-2.18,-1.96,-0.78,0.40,3.69,2.37,-1.59,,,,,,,,,,,,,,,,,,,,,,,,,,
201,Fri-30-Sep-2011,-3.74,0.30,-2.19,-2.81,-0.90,0.40,3.60,2.40,-1.99,,,,,,,,,,,,,,,,,,,,,,,,,,
202,Mon-31-Oct-2011,-3.24,0.44,-2.08,-2.73,-0.94,0.50,3.88,2.32,-1.72,,,,,,,,,,,,,,,,,,,,,,,,,,
203,Wed-30-Nov-2011,-3.08,0.23,-2.14,-2.59,-1.12,0.45,3.44,2.08,-1.74,,,,,,,,,,,,,,,,,,,,,,,,,,
204,Sat-31-Dec-2011,-2.97,0.06,-2.18,-2.88,-1.30,0.45,3.25,1.97,-1.80,,,,,,,,,,,,,,,,,,,,,,,,,,
205,Tue-31-Jan-2012,-2.93,-0.25,-2.28,-3.05,-1.29,0.53,3.41,2.02,-1.93,,,,,,,,,,,,,,,,,,,,,,,,,,
206,Wed-29-Feb-2012,-3.02,-0.40,-2.33,-2.64,-1.18,0.62,3.55,2.12,-1.99,,,,,,,,,,,,,,,,,,,,,,,,,,
207,Sat-31-Mar-2012,-2.76,-0.37,-2.26,-2.32,-1.14,0.71,3.66,2.24,-1.83,,,,,,,,,,,,,,,,,,,,,,,,,,
208,Mon-30-Apr-2012,-2.75,-0.42,-2.35,-2.36,-1.08,0.77,3.33,2.13,-1.87,,,,,,,,,,,,,,,,,,,,,,,,,,
209,Thu-31-May-2012,-3.14,-0.74,-2.63,-2.65,-1.30,0.78,2.69,1.81,-2.22,,,,,,,,,,,,,,,,,,,,,,,,,,
210,Sat-30-Jun-2012,-3.26,-0.72,-2.70,-3.25,-1.55,0.63,2.35,1.89,-2.34,,,,,,,,,,,,,,,,,,,,,,,,,,
211,Tue-31-Jul-2012,-3.31,-0.87,-2.85,-3.67,-1.73,0.62,2.53,2.08,-2.47,,,,,,,,,,,,,,,,,,,,,,,,,,
212,Fri-31-Aug-2012,-3.17,-1.13,-2.84,-4.06,-1.92,0.80,2.96,2.20,-2.52,,,,,,,,,,,,,,,,,,,,,,,,,,
213,Sun-30-Sep-2012,-3.30,-1.17,-2.82,-4.30,-1.94,0.79,2.74,2.14,-2.59,,,,,,,,,,,,,,,,,,,,,,,,,,
214,Wed-31-Oct-2012,-3.60,-1.23,-2.80,-4.42,-2.03,0.75,2.63,2.11,-2.74,,,,,,,,,,,,,,,,,,,,,,,,,,
215,Fri-30-Nov-2012,-3.76,-1.40,-3.01,-4.51,-2.20,0.72,2.67,2.07,-2.91,,,,,,,,,,,,,,,,,,,,,,,,,,
216,Mon-31-Dec-2012,-3.86,-1.61,-3.25,-4.55,-2.33,0.74,2.64,2.11,-3.06,,,,,,,,,,,,,,,,,,,,,,,,,,
217,Thu-31-Jan-2013,-3.72,-1.35,-3.29,-4.29,-2.11,0.77,2.60,2.11,-2.88,,,,,,,,,,,,,,,,,,,,,,,,,,
218,Thu-28-Feb-2013,-3.57,-0.84,-3.45,-4.08,-1.60,0.71,2.60,2.19,-2.64,,,,,,,,,,,,,,,,,,,,,,,,,,
219,Sun-31-Mar-2013,-3.70,-1.24,-3.68,-4.46,-1.64,0.61,2.64,2.07,-2.92,,,,,,,,,,,,,,,,,,,,,,,,,,
220,Tue-30-Apr-2013,-4.00,-1.54,-3.55,-5.02,-1.83,0.61,2.54,1.98,-3.17,,,,,,,,,,,,,,,,,,,,,,,,,,
221,Fri-31-May-2013,-3.96,-1.62,-2.87,-4.91,-2.02,0.70,2.37,2.18,-3.08,,,,,,,,,,,,,,,,,,,,,,,,,,
222,Sun-30-Jun-2013,-3.14,-1.12,-2.14,-3.83,-1.56,0.79,2.32,2.38,-2.35,,,,,,,,,,,,,,,,,,,,,,,,,,
223,Wed-31-Jul-2013,-2.36,-0.94,-2.05,-2.87,-1.16,0.74,2.24,2.42,-1.86,,,,,,,,,,,,,,,,,,,,,,,,,,
224,Sat-31-Aug-2013,-2.34,-0.75,-2.27,-2.49,-1.18,0.73,2.08,2.50,-1.79,,,,,,,,,,,,,,,,,,,,,,,,,,
225,Mon-30-Sep-2013,-2.08,-0.65,-2.38,-1.68,-1.15,0.71,2.16,2.52,-1.60,,,,,,,,,,,,,,,,,,,,,,,,,,
226,Thu-31-Oct-2013,-2.57,-0.90,-2.67,-1.61,-1.37,0.59,2.16,2.54,-1.93,,,,,,,,,,,,,,,,,,,,,,,,,,
227,Sat-30-Nov-2013,-2.83,-1.22,-2.83,-1.56,-1.59,0.56,2.25,2.59,-2.18,,,,,,,,,,,,,,,,,,,,,,,,,,
228,Tue-31-Dec-2013,-2.80,-1.27,-2.75,-1.23,-1.61,0.55,2.15,2.69,-2.13,,,,,,,,,,,,,,,,,,,,,,,,,,
229,Fri-31-Jan-2014,-2.41,-1.18,-2.67,-0.74,-1.60,0.49,2.05,2.76,-1.88,,,,,,,,,,,,,,,,,,,,,,,,,,
230,Fri-28-Feb-2014,-2.46,-1.49,-2.92,-0.70,-1.91,0.47,2.09,2.80,-2.04,,,,,,,,,,,,,,,,,,,,,,,,,,
231,Mon-31-Mar-2014,-2.21,-1.53,-3.02,-0.54,-1.96,0.50,2.17,2.88,-1.94,,,,,,,,,,,,,,,,,,,,,,,,,,
232,Wed-30-Apr-2014,-1.67,-1.52,-3.09,-0.34,-2.06,0.56,2.23,3.09,-1.69,,,,,,,,,,,,,,,,,,,,,,,,,,
233,Sat-31-May-2014,-1.49,-1.66,-3.22,-0.10,-2.22,0.55,2.19,3.15,-1.66,,,,,,,,,,,,,,,,,,,,,,,,,,
234,Mon-30-Jun-2014,-1.31,-1.87,-3.41,0.10,-2.35,0.59,2.18,3.22,-1.66,,,,,,,,,,,,,,,,,,,,,,,,,,
235,Thu-31-Jul-2014,-1.07,-2.01,-3.72,0.24,-2.60,0.61,2.12,3.33,-1.63,,,,,,,,,,,,,,,,,,,,,,,,,,
236,Sun-31-Aug-2014,-0.87,-2.09,-4.00,0.20,-2.90,0.63,2.20,3.34,-1.60,,,,,,,,,,,,,,,,,,,,,,,,,,
237,Tue-30-Sep-2014,-0.57,-2.16,-4.07,0.23,-2.90,0.69,2.30,3.42,-1.48,,,,,,,,,,,,,,,,,,,,,,,,,,
238,Fri-31-Oct-2014,-0.68,-2.23,-4.18,0.11,-2.91,0.60,2.19,3.35,-1.57,,,,,,,,,,,,,,,,,,,,,,,,,,
239,Sun-30-Nov-2014,-0.58,-2.27,-4.20,0.08,-2.96,0.62,2.22,3.36,-1.52,,,,,,,,,,,,,,,,,,,,,,,,,,
240,Wed-31-Dec-2014,-0.37,-2.34,-4.22,0.02,-3.05,0.61,2.03,3.31,-1.44,,,,,,,,,,,,,,,,,,,,,,,,,,
241,Sat-31-Jan-2015,-0.28,-2.40,-4.32,-0.04,-2.44,0.47,1.93,3.31,-1.43,,,,,,,,,,,,,,,,,,,,,,,,,,
242,Sat-28-Feb-2015,-0.07,-2.20,-3.86,0.22,-2.23,-0.05,1.73,3.22,-1.18,,,,,,,,,,,,,,,,,,,,,,,,,,
243,Tue-31-Mar-2015,-0.01,-2.02,-3.53,0.21,-1.85,-0.06,1.65,3.06,-1.04,,,,,,,,,,,,,,,,,,,,,,,,,,
244,Thu-30-Apr-2015,-0.15,-1.88,-3.39,0.19,-1.75,-0.07,1.60,3.02,-1.05,,,,,,,,,,,,,,,,,,,,,,,,,,
245,Sun-31-May-2015,-0.07,-1.15,-3.07,0.30,-1.57,0.30,1.76,2.98,-0.74,,,,,,,,,,,,,,,,,,,,,,,,,,
246,Tue-30-Jun-2015,-0.05,-1.03,-2.78,0.27,-1.74,0.21,1.63,2.71,-0.65,,,,,,,,,,,,,,,,,,,,,,,,,,
247,Fri-31-Jul-2015,-0.18,-1.37,-2.71,0.27,-2.08,-0.33,1.55,2.33,-0.81,,,,,,,,,,,,,,,,,,,,,,,,,,
248,Mon-31-Aug-2015,-0.13,-1.68,-2.93,0.26,-2.41,-1.00,1.54,2.19,-0.92,,,,,,,,,,,,,,,,,,,,,,,,,,
249,Wed-30-Sep-2015,-0.19,-1.74,-3.18,0.24,-2.43,-1.10,1.56,2.15,-1.00,,,,,,,,,,,,,,,,,,,,,,,,,,
250,Sat-31-Oct-2015,-0.43,-2.01,-3.39,0.18,-2.76,-1.02,1.56,2.20,-1.23,,,,,,,,,,,,,,,,,,,,,,,,,,
251,Mon-30-Nov-2015,-0.05,-2.34,-3.57,0.24,-3.32,-0.66,1.67,2.26,-1.15,,,,,,,,,,,,,,,,,,,,,,,,,,
252,Thu-31-Dec-2015,0.15,-2.39,-3.80,0.25,-3.43,-0.69,1.72,2.19,-1.10,,,,,,,,,,,,,,,,,,,,,,,,,,
253,Sun-31-Jan-2016,0.12,-2.35,-3.98,0.14,-3.00,-1.13,1.70,2.04,-1.15,,,,,,,,,,,,,,,,,,,,,,,,,,
254,Mon-29-Feb-2016,-0.20,-2.96,-4.40,-0.31,-3.22,-1.51,1.62,2.01,-1.60,,,,,,,,,,,,,,,,,,,,,,,,,,
255,Thu-31-Mar-2016,0.11,-3.05,-5.08,-0.39,-3.39,-1.18,1.76,1.80,-1.57,,,,,,,,,,,,,,,,,,,,,,,,,,
256,Sat-30-Apr-2016,0.14,-2.91,-5.18,-0.33,-3.30,-0.86,1.77,1.63,-1.55,,,,,,,,,,,,,,,,,,,,,,,,,,
257,Tue-31-May-2016,0.20,-2.85,-5.15,-0.19,-3.02,-0.48,1.50,1.71,-1.48,,,,,,,,,,,,,,,,,,,,,,,,,,
258,Thu-30-Jun-2016,0.17,-3.06,-5.45,-0.37,-3.17,-0.58,1.39,1.81,-1.63,,,,,,,,,,,,,,,,,,,,,,,,,,
259,Sun-31-Jul-2016,0.05,-3.48,-5.98,-1.25,-3.60,-0.64,1.41,1.75,-1.95,,,,,,,,,,,,,,,,,,,,,,,,,,
260,Wed-31-Aug-2016,0.27,-3.63,-5.77,-1.87,-3.65,-0.39,1.30,1.57,-1.93,,,,,,,,,,,,,,,,,,,,,,,,,,
261,Fri-30-Sep-2016,0.36,-3.59,-5.32,-2.07,-3.41,-0.07,1.29,1.65,-1.82,,,,,,,,,,,,,,,,,,,,,,,,,,
262,Mon-31-Oct-2016,0.40,-3.40,-5.35,-1.84,-3.37,0.06,1.35,1.64,-1.71,,,,,,,,,,,,,,,,,,,,,,,,,,
263,Wed-30-Nov-2016,0.52,-2.61,-5.30,-1.03,-2.74,0.17,1.35,1.65,-1.31,,,,,,,,,,,,,,,,,,,,,,,,,,
264,Sat-31-Dec-2016,0.62,-2.21,-4.72,-0.84,-2.22,0.27,1.35,1.61,-1.01,,,,,,,,,,,,,,,,,,,,,,,,,,
265,Tue-31-Jan-2017,0.62,-2.23,-4.25,-0.91,-2.36,0.21,1.37,1.51,-0.96,,,,,,,,,,,,,,,,,,,,,,,,,,
266,Tue-28-Feb-2017,0.67,-2.16,-3.55,-0.90,-2.39,0.17,1.28,1.54,-0.84,,,,,,,,,,,,,,,,,,,,,,,,,,
267,Fri-31-Mar-2017,0.86,-2.02,-3.03,-1.08,-2.35,0.20,1.27,1.48,-0.64,,,,,,,,,,,,,,,,,,,,,,,,,,
268,Sun-30-Apr-2017,0.88,-2.00,-2.93,-1.11,-2.28,0.19,1.16,1.47,-0.63,,,,,,,,,,,,,,,,,,,,,,,,,,
269,Wed-31-May-2017,0.98,-1.82,-2.95,-0.99,-2.13,0.18,1.18,1.49,-0.53,,,,,,,,,,,,,,,,,,,,,,,,,,
270,Fri-30-Jun-2017,1.03,-1.97,-2.89,-0.92,-2.29,0.34,1.19,1.48,-0.55,,,,,,,,,,,,,,,,,,,,,,,,,,
271,Mon-31-Jul-2017,1.10,-1.72,-2.67,-0.39,-1.89,0.74,1.35,1.56,-0.38,,,,,,,,,,,,,,,,,,,,,,,,,,
272,Thu-31-Aug-2017,1.04,-1.87,-2.62,-0.53,-1.82,0.74,1.32,1.43,-0.48,,,,,,,,,,,,,,,,,,,,,,,,,,
273,Sat-30-Sep-2017,1.10,-2.00,-2.74,-0.26,-1.88,0.99,1.42,1.46,-0.49,,,,,,,,,,,,,,,,,,,,,,,,,,
274,Tue-31-Oct-2017,1.25,-1.91,-2.50,0.27,-1.77,1.01,1.47,1.46,-0.30,,,,,,,,,,,,,,,,,,,,,,,,,,
275,Thu-30-Nov-2017,1.33,-1.99,-2.25,0.33,-1.86,0.93,1.37,1.39,-0.25,,,,,,,,,,,,,,,,,,,,,,,,,,
276,Sun-31-Dec-2017,1.46,-1.84,-2.09,0.38,-1.90,1.06,1.48,1.36,-0.12,,,,,,,,,,,,,,,,,,,,,,,,,,
277,Wed-31-Jan-2018,1.62,-1.38,-1.88,0.44,-1.80,1.32,1.58,1.41,0.12,,,,,,,,,,,,,,,,,,,,,,,,,,
278,Wed-28-Feb-2018,1.72,-1.08,-1.68,0.54,-1.67,1.36,1.55,1.36,0.29,,,,,,,,,,,,,,,,,,,,,,,,,,
279,Sat-31-Mar-2018,1.80,-1.18,-1.62,0.55,-1.92,1.29,1.55,1.34,0.30,,,,,,,,,,,,,,,,,,,,,,,,,,
280,Mon-30-Apr-2018,1.92,-1.22,-1.59,0.61,-2.03,1.39,1.72,1.40,0.36,,,,,,,,,,,,,,,,,,,,,,,,,,
281,Thu-31-May-2018,2.05,-1.20,-1.49,0.50,-1.83,1.49,1.68,1.37,0.46,,,,,,,,,,,,,,,,,,,,,,,,,,
282,Sat-30-Jun-2018,2.07,-1.36,-1.49,0.48,-1.90,1.44,1.67,1.38,0.43,,,,,,,,,,,,,,,,,,,,,,,,,,
283,Tue-31-Jul-2018,2.17,-1.49,-1.56,0.56,-1.83,1.56,1.71,1.36,0.44,,,,,,,,,,,,,,,,,,,,,,,,,,
284,Fri-31-Aug-2018,2.23,-1.44,-1.42,0.64,-1.67,1.72,1.72,1.33,0.51,,,,,,,,,,,,,,,,,,,,,,,,,,
285,Sun-30-Sep-2018,2.36,-1.33,-1.45,0.69,-1.64,1.78,1.71,1.32,0.61,,,,,,,,,,,,,,,,,,,,,,,,,,
286,Wed-31-Oct-2018,2.45,-1.15,-1.39,0.68,-1.49,1.90,1.67,1.39,0.73,,,,,,,,,,,,,,,,,,,,,,,,,,
287,Fri-30-Nov-2018,2.45,-1.24,-1.58,0.64,-1.59,1.92,1.70,1.46,0.68,,,,,,,,,,,,,,,,,,,,,,,,,,
288,Mon-31-Dec-2018,2.36,-1.39,-1.98,0.61,-1.87,1.73,1.62,1.39,0.54,,,,,,,,,,,,,,,,,,,,,,,,,,
289,Thu-31-Jan-2019,2.33,-1.56,-2.37,0.66,-2.13,1.66,1.59,1.38,0.41,,,,,,,,,,,,,,,,,,,,,,,,,,
290,Thu-28-Feb-2019,2.32,-1.70,-2.73,0.62,-2.31,1.62,1.50,1.39,0.33,,,,,,,,,,,,,,,,,,,,,,,,,,
291,Sun-31-Mar-2019,2.26,-1.78,-2.96,0.62,-2.45,1.50,1.40,1.35,0.25,,,,,,,,,,,,,,,,,,,,,,,,,,
292,Tue-30-Apr-2019,2.25,-1.97,-3.14,0.63,-2.58,1.53,1.29,1.25,0.17,,,,,,,,,,,,,,,,,,,,,,,,,,
293,Fri-31-May-2019,2.15,-2.13,-3.23,0.62,-2.68,1.53,1.07,1.15,0.06,,,,,,,,,,,,,,,,,,,,,,,,,,
294,Sun-30-Jun-2019,1.84,-2.58,-3.61,0.55,-3.11,1.45,0.89,0.96,-0.30,,,,,,,,,,,,,,,,,,,,,,,,,,
295,Wed-31-Jul-2019,1.75,-3.12,-3.94,0.52,-3.53,1.55,0.80,0.92,-0.55,,,,,,,,,,,,,,,,,,,,,,,,,,
296,Sat-31-Aug-2019,1.50,-3.94,-4.34,0.47,-4.27,1.44,0.59,0.63,-0.98,,,,,,,,,,,,,,,,,,,,,,,,,,
297,Mon-30-Sep-2019,1.55,-4.34,-4.65,0.62,-4.68,1.57,0.68,0.62,-1.09,,,,,,,,,,,,,,,,,,,,,,,,,,
298,Thu-31-Oct-2019,1.46,-4.01,-4.54,0.64,-4.57,1.62,0.55,0.57,-1.01,,,,,,,,,,,,,,,,,,,,,,,,,,
299,Sat-30-Nov-2019,1.42,-3.17,-4.31,0.67,-3.86,1.61,0.62,0.67,-0.73,,,,,,,,,,,,,,,,,,,,,,,,,,
300,Tue-31-Dec-2019,1.43,-2.67,-3.91,0.64,-3.65,1.67,0.61,0.80,-0.52,,,,,,,,,,,,,,,,,,,,,,,,,,
301,Fri-31-Jan-2020,1.40,-2.21,-3.39,0.52,-3.29,1.60,0.57,0.72,-0.34,,,,,,,,,,,,,,,,,,,,,,,,,,
302,Sat-29-Feb-2020,1.29,-2.48,-3.44,0.55,-3.59,1.50,0.51,0.69,-0.47,,,,,,,,,,,,,,,,,,,,,,,,,,
303,Tue-31-Mar-2020,0.17,-2.85,-3.72,0.13,-3.72,0.61,0.18,0.29,-1.23,,,,,,,,,,,,,,,,,,,,,,,,,,
304,Thu-30-Apr-2020,-0.52,-2.42,-3.50,-0.27,-2.09,0.02,-0.58,-0.50,-1.44,,,,,,,,,,,,,,,,,,,,,,,,,,
305,Sun-31-May-2020,-0.99,-2.49,-3.55,-0.65,-1.83,-0.44,-1.19,-1.39,-1.74,,,,,,,,,,,,,,,,,,,,,,,,,,
306,Tue-30-Jun-2020,-1.31,-2.28,-3.43,-0.98,-1.37,-0.65,-1.60,-1.47,-1.85,,,,,,,,,,,,,,,,,,,,,,,,,,
307,Fri-31-Jul-2020,-1.80,-2.41,-3.37,-1.34,-1.41,-0.89,-1.96,-1.45,-2.15,,,,,,,,,,,,,,,,,,,,,,,,,,
308,Mon-31-Aug-2020,-2.11,-2.50,-3.35,-1.59,-1.64,-1.00,-2.16,-1.97,-2.34,,,,,,,,,,,,,,,,,,,,,,,,,,
309,Wed-30-Sep-2020,-2.25,-2.52,-3.19,-1.59,-1.73,-1.06,-2.23,-2.83,-2.40,,,,,,,,,,,,,,,,,,,,,,,,,,
310,Sat-31-Oct-2020,-2.43,-2.72,-3.17,-1.76,-1.90,-1.22,-2.65,-3.62,-2.57,,,,,,,,,,,,,,,,,,,,,,,,,,
311,Mon-30-Nov-2020,-2.46,-2.75,-3.13,-1.76,-1.94,-1.19,-3.02,-3.90,-2.59,,,,,,,,,,,,,,,,,,,,,,,,,,
312,Thu-31-Dec-2020,-2.44,-2.76,-3.18,-1.97,-2.03,-1.07,-3.15,-3.74,-2.60,,,,,,,,,,,,,,,,,,,,,,,,,,
313,Sun-31-Jan-2021,-2.38,-2.70,-3.15,-2.31,-1.99,-1.19,-3.24,-3.72,-2.57,,,,,,,,,,,,,,,,,,,,,,,,,,
314,Sun-28-Feb-2021,-2.18,-2.31,-2.97,-1.86,-1.66,-1.16,-3.10,-3.32,-2.29,,,,,,,,,,,,,,,,,,,,,,,,,,
315,Wed-31-Mar-2021,-1.60,-2.07,-2.53,-0.88,-1.56,-0.60,-2.45,-2.47,-1.80,,,,,,,,,,,,,,,,,,,,,,,,,,
316,Fri-30-Apr-2021,-1.44,-2.14,-2.42,-0.90,-1.61,-0.65,-2.55,-2.67,-1.74,,,,,,,,,,,,,,,,,,,,,,,,,,
317,Mon-31-May-2021,-1.48,-1.99,-2.39,-0.85,-1.48,-0.72,-2.56,-2.57,-1.70,,,,,,,,,,,,,,,,,,,,,,,,,,
318,Wed-30-Jun-2021,-1.45,-1.95,-2.42,-0.85,-1.49,-0.74,-2.58,-2.33,-1.67,,,,,,,,,,,,,,,,,,,,,,,,,,
319,Sat-31-Jul-2021,-1.16,-2.01,-2.67,-0.75,-1.70,-0.42,-2.43,-1.58,-1.57,,,,,,,,,,,,,,,,,,,,,,,,,,
320,Tue-31-Aug-2021,-1.00,-2.27,-2.92,-0.49,-1.94,-0.34,-2.47,-0.36,-1.57,,,,,,,,,,,,,,,,,,,,,,,,,,
321,Thu-30-Sep-2021,-0.71,-2.01,-2.89,-0.10,-1.77,-0.23,-2.16,0.39,-1.31,,,,,,,,,,,,,,,,,,,,,,,,,,
322,Sun-31-Oct-2021,-0.29,-1.40,-2.52,0.34,-1.25,0.13,-1.23,0.57,-0.82,,,,,,,,,,,,,,,,,,,,,,,,,,
323,Tue-30-Nov-2021,0.01,-0.99,-2.26,0.46,-1.00,0.38,-0.12,0.96,-0.50,,,,,,,,,,,,,,,,,,,,,,,,,,
324,Fri-31-Dec-2021,0.15,-0.93,-2.27,0.49,-1.08,0.41,-0.02,0.95,-0.41,,,,,,,,,,,,,,,,,,,,,,,,,,
325,Mon-31-Jan-2022,0.38,-0.65,-1.91,0.78,-0.82,0.67,0.13,1.09,-0.14,,,,,,,,,,,,,,,,,,,,,,,,,,
326,Mon-28-Feb-2022,0.74,-0.35,-1.10,1.22,-0.64,0.86,0.31,1.32,0.25,,,,,,,,,,,,,,,,,,,,,,,,,,
327,Thu-31-Mar-2022,1.06,-0.35,-0.88,1.43,-0.66,1.13,0.52,1.65,0.47,,,,,,,,,,,,,,,,,,,,,,,,,,